trip_id,pickup_datetime,trip_distance,fare_amount,payment_type
1,2023-01-01 00:00:00,9.68,26.29,cash
2,2023-01-01 01:00:00,23.79,67.32,cash
3,2023-01-01 02:00:00,18.43,105.39,card
4,2023-01-01 03:00:00,15.17,89.21,cash
5,2023-01-01 04:00:00,4.32,97.75,cash
6,2023-01-01 05:00:00,4.32,80.76,card
7,2023-01-01 06:00:00,1.92,84.61,card
8,2023-01-01 07:00:00,21.72,102.66,card
9,2023-01-01 08:00:00,15.23,33.71,cash
10,2023-01-01 09:00:00,17.85,61.28,card
11,2023-01-01 10:00:00,1.0,30.44,cash
12,2023-01-01 11:00:00,24.26,118.58,cash
13,2023-01-01 12:00:00,20.89,113.57,card
14,2023-01-01 13:00:00,5.7,9.53,cash
15,2023-01-01 14:00:00,4.95,86.14,card
16,2023-01-01 15:00:00,4.99,111.4,card
17,2023-01-01 16:00:00,7.95,25.77,cash
18,2023-01-01 17:00:00,13.36,70.31,card
19,2023-01-01 18:00:00,11.08,110.28,cash
20,2023-01-01 19:00:00,7.64,8.9,card
21,2023-01-01 20:00:00,15.49,85.2,card
22,2023-01-01 21:00:00,3.92,39.2,card
23,2023-01-01 22:00:00,7.66,111.31,card
24,2023-01-01 23:00:00,9.48,116.67,cash
25,2023-01-02 00:00:00,11.67,113.59,card
26,2023-01-02 01:00:00,19.74,59.53,cash
27,2023-01-02 02:00:00,5.39,104.13,card
28,2023-01-02 03:00:00,13.1,102.12,card
29,2023-01-02 04:00:00,15.01,41.7,cash
30,2023-01-02 05:00:00,1.64,100.33,card
31,2023-01-02 06:00:00,15.38,9.26,cash
32,2023-01-02 07:00:00,4.68,73.57,card
33,2023-01-02 08:00:00,2.09,31.45,card
34,2023-01-02 09:00:00,23.75,18.87,card
35,2023-01-02 10:00:00,24.16,13.85,card
36,2023-01-02 11:00:00,20.31,85.07,cash
37,2023-01-02 12:00:00,7.96,44.09,cash
38,2023-01-02 13:00:00,2.89,88.35,cash
39,2023-01-02 14:00:00,17.26,12.52,cash
40,2023-01-02 15:00:00,11.28,41.26,cash
41,2023-01-02 16:00:00,3.49,67.04,card
42,2023-01-02 17:00:00,12.63,95.93,card
43,2023-01-02 18:00:00,1.34,41.66,card
44,2023-01-02 19:00:00,22.78,76.98,cash
45,2023-01-02 20:00:00,6.84,106.89,card
46,2023-01-02 21:00:00,16.73,75.82,card
47,2023-01-02 22:00:00,8.14,31.79,cash
48,2023-01-02 23:00:00,13.24,7.81,card
49,2023-01-03 00:00:00,13.89,105.06,card
50,2023-01-03 01:00:00,5.03,7.45,cash
51,2023-01-03 02:00:00,24.25,105.59,card
52,2023-01-03 03:00:00,19.49,65.83,card
53,2023-01-03 04:00:00,23.52,112.99,cash
54,2023-01-03 05:00:00,22.42,96.86,card
55,2023-01-03 06:00:00,15.15,119.76,card
56,2023-01-03 07:00:00,23.09,45.33,card
57,2023-01-03 08:00:00,2.67,93.23,card
58,2023-01-03 09:00:00,5.3,51.22,card
59,2023-01-03 10:00:00,1.61,60.19,card
60,2023-01-03 11:00:00,8.47,77.16,card
61,2023-01-03 12:00:00,10.02,105.47,cash
62,2023-01-03 13:00:00,7.15,118.17,card
63,2023-01-03 14:00:00,20.8,93.35,card
64,2023-01-03 15:00:00,9.24,53.04,card
65,2023-01-03 16:00:00,7.38,53.46,cash
66,2023-01-03 17:00:00,13.8,89.82,card
67,2023-01-03 18:00:00,3.95,32.46,cash
68,2023-01-03 19:00:00,20.15,17.7,cash
69,2023-01-03 20:00:00,2.33,45.78,cash
70,2023-01-03 21:00:00,24.68,38.03,cash
71,2023-01-03 22:00:00,19.42,39.08,card
72,2023-01-03 23:00:00,5.37,31.86,card
73,2023-01-04 00:00:00,0.64,9.84,cash
74,2023-01-04 01:00:00,20.48,7.06,card
75,2023-01-04 02:00:00,17.82,118.59,card
76,2023-01-04 03:00:00,18.36,54.19,card
77,2023-01-04 04:00:00,19.4,49.2,cash
78,2023-01-04 05:00:00,2.31,83.16,card
79,2023-01-04 06:00:00,9.28,30.1,card
80,2023-01-04 07:00:00,3.34,114.25,card
81,2023-01-04 08:00:00,21.65,95.43,cash
82,2023-01-04 09:00:00,15.77,15.28,cash
83,2023-01-04 10:00:00,8.61,53.02,card
84,2023-01-04 11:00:00,2.06,106.1,card
85,2023-01-04 12:00:00,8.12,113.64,card
86,2023-01-04 13:00:00,8.47,58.75,card
87,2023-01-04 14:00:00,18.38,75.54,cash
88,2023-01-04 15:00:00,16.12,24.21,card
89,2023-01-04 16:00:00,22.24,118.98,card
90,2023-01-04 17:00:00,12.07,31.64,cash
91,2023-01-04 18:00:00,3.43,113.41,card
92,2023-01-04 19:00:00,17.97,79.71,card
93,2023-01-04 20:00:00,19.14,74.89,cash
94,2023-01-04 21:00:00,14.25,63.96,card
95,2023-01-04 22:00:00,19.39,31.53,cash
96,2023-01-04 23:00:00,12.6,25.3,card
97,2023-01-05 00:00:00,13.31,30.36,card
98,2023-01-05 01:00:00,10.97,26.44,card
99,2023-01-05 02:00:00,1.12,94.65,card
100,2023-01-05 03:00:00,3.14,45.26,cash
101,2023-01-05 04:00:00,1.27,11.65,card
102,2023-01-05 05:00:00,16.09,116.45,card
103,2023-01-05 06:00:00,8.2,106.64,cash
104,2023-01-05 07:00:00,12.96,111.69,card
105,2023-01-05 08:00:00,22.74,119.41,card
106,2023-01-05 09:00:00,6.61,25.0,cash
107,2023-01-05 10:00:00,10.55,50.57,card
108,2023-01-05 11:00:00,19.01,92.2,card
109,2023-01-05 12:00:00,6.11,85.04,cash
110,2023-01-05 13:00:00,2.39,22.7,card
111,2023-01-05 14:00:00,7.6,98.82,cash
112,2023-01-05 15:00:00,4.45,30.81,cash
113,2023-01-05 16:00:00,23.28,30.74,cash
114,2023-01-05 17:00:00,20.3,66.75,card
115,2023-01-05 18:00:00,16.02,73.19,card
116,2023-01-05 19:00:00,21.85,71.71,cash
117,2023-01-05 20:00:00,20.19,15.52,card
118,2023-01-05 21:00:00,5.07,105.91,card
119,2023-01-05 22:00:00,22.37,35.54,cash
120,2023-01-05 23:00:00,13.71,19.89,card
121,2023-01-06 00:00:00,20.28,107.21,card
122,2023-01-06 01:00:00,22.45,114.9,card
123,2023-01-06 02:00:00,8.29,104.14,card
124,2023-01-06 03:00:00,3.2,98.09,card
125,2023-01-06 04:00:00,6.08,80.35,card
126,2023-01-06 05:00:00,10.96,68.35,card
127,2023-01-06 06:00:00,20.54,15.0,card
128,2023-01-06 07:00:00,21.59,51.97,cash
129,2023-01-06 08:00:00,0.67,47.86,card
130,2023-01-06 09:00:00,13.01,34.87,card
131,2023-01-06 10:00:00,10.73,88.19,cash
132,2023-01-06 11:00:00,5.94,62.03,cash
133,2023-01-06 12:00:00,3.44,14.32,card
134,2023-01-06 13:00:00,8.77,30.32,card
135,2023-01-06 14:00:00,23.6,83.57,card
136,2023-01-06 15:00:00,8.42,13.76,card
137,2023-01-06 16:00:00,13.21,102.89,cash
138,2023-01-06 17:00:00,17.72,61.94,card
139,2023-01-06 18:00:00,9.41,60.27,cash
140,2023-01-06 19:00:00,24.31,73.13,card
141,2023-01-06 20:00:00,24.08,99.84,card
142,2023-01-06 21:00:00,6.67,45.0,card
143,2023-01-06 22:00:00,12.68,82.97,card
144,2023-01-06 23:00:00,7.87,70.06,cash
145,2023-01-07 00:00:00,7.48,35.71,card
146,2023-01-07 01:00:00,1.4,106.04,card
147,2023-01-07 02:00:00,15.43,96.7,card
148,2023-01-07 03:00:00,12.82,80.72,cash
149,2023-01-07 04:00:00,1.76,102.82,card
150,2023-01-07 05:00:00,7.33,104.74,card
151,2023-01-07 06:00:00,22.75,86.46,cash
152,2023-01-07 07:00:00,6.37,101.26,cash
153,2023-01-07 08:00:00,4.05,85.21,card
154,2023-01-07 09:00:00,12.49,83.22,card
155,2023-01-07 10:00:00,24.65,76.14,cash
156,2023-01-07 11:00:00,6.43,91.56,cash
157,2023-01-07 12:00:00,16.97,23.24,cash
158,2023-01-07 13:00:00,19.16,106.3,cash
159,2023-01-07 14:00:00,6.32,105.26,card
160,2023-01-07 15:00:00,18.34,8.36,card
161,2023-01-07 16:00:00,9.51,99.97,card
162,2023-01-07 17:00:00,15.99,19.82,card
163,2023-01-07 18:00:00,16.02,43.54,cash
164,2023-01-07 19:00:00,13.63,90.5,card
165,2023-01-07 20:00:00,2.71,23.49,card
166,2023-01-07 21:00:00,20.96,99.07,card
167,2023-01-07 22:00:00,8.36,100.7,card
168,2023-01-07 23:00:00,5.07,63.36,cash
169,2023-01-08 00:00:00,1.5,5.73,card
170,2023-01-08 01:00:00,14.98,38.01,cash
171,2023-01-08 02:00:00,17.1,75.95,card
172,2023-01-08 03:00:00,0.91,117.84,cash
173,2023-01-08 04:00:00,13.05,77.66,cash
174,2023-01-08 05:00:00,6.05,34.88,card
175,2023-01-08 06:00:00,16.31,77.91,cash
176,2023-01-08 07:00:00,4.77,67.1,card
177,2023-01-08 08:00:00,17.43,94.68,cash
178,2023-01-08 09:00:00,9.98,17.3,card
179,2023-01-08 10:00:00,23.45,92.52,card
180,2023-01-08 11:00:00,3.87,67.25,card
181,2023-01-08 12:00:00,8.86,115.74,cash
182,2023-01-08 13:00:00,3.28,44.32,cash
183,2023-01-08 14:00:00,23.15,77.75,cash
184,2023-01-08 15:00:00,21.99,112.18,cash
185,2023-01-08 16:00:00,6.82,16.79,card
186,2023-01-08 17:00:00,16.67,112.78,card
187,2023-01-08 18:00:00,20.52,84.11,card
188,2023-01-08 19:00:00,14.1,12.8,card
189,2023-01-08 20:00:00,13.48,39.61,card
190,2023-01-08 21:00:00,6.43,86.44,card
191,2023-01-08 22:00:00,2.78,12.75,cash
192,2023-01-08 23:00:00,22.48,71.95,card
193,2023-01-09 00:00:00,22.56,44.78,card
194,2023-01-09 01:00:00,16.01,76.41,card
195,2023-01-09 02:00:00,8.81,10.26,cash
196,2023-01-09 03:00:00,9.06,105.23,card
197,2023-01-09 04:00:00,18.29,116.95,card
198,2023-01-09 05:00:00,22.48,116.42,card
199,2023-01-09 06:00:00,22.23,91.21,card
200,2023-01-09 07:00:00,19.61,19.96,cash
201,2023-01-09 08:00:00,16.23,92.2,card
202,2023-01-09 09:00:00,2.56,7.83,cash
203,2023-01-09 10:00:00,4.46,7.54,card
204,2023-01-09 11:00:00,22.51,42.22,cash
205,2023-01-09 12:00:00,15.36,61.19,card
206,2023-01-09 13:00:00,0.73,93.6,card
207,2023-01-09 14:00:00,2.99,83.58,cash
208,2023-01-09 15:00:00,16.76,56.28,card
209,2023-01-09 16:00:00,0.62,36.47,cash
210,2023-01-09 17:00:00,4.44,119.67,card
211,2023-01-09 18:00:00,13.94,54.01,card
212,2023-01-09 19:00:00,17.45,56.91,card
213,2023-01-09 20:00:00,16.47,23.82,cash
214,2023-01-09 21:00:00,5.99,96.4,card
215,2023-01-09 22:00:00,17.95,84.77,card
216,2023-01-09 23:00:00,6.31,30.39,cash
217,2023-01-10 00:00:00,8.47,14.47,card
218,2023-01-10 01:00:00,18.79,83.26,cash
219,2023-01-10 02:00:00,16.42,80.27,card
220,2023-01-10 03:00:00,21.31,36.42,cash
221,2023-01-10 04:00:00,16.61,114.35,card
222,2023-01-10 05:00:00,14.42,22.37,card
223,2023-01-10 06:00:00,2.8,54.72,cash
224,2023-01-10 07:00:00,9.51,113.52,cash
225,2023-01-10 08:00:00,7.0,53.27,cash
226,2023-01-10 09:00:00,6.48,78.43,card
227,2023-01-10 10:00:00,24.34,50.72,cash
228,2023-01-10 11:00:00,10.13,36.53,card
229,2023-01-10 12:00:00,22.36,118.16,cash
230,2023-01-10 13:00:00,15.96,52.07,cash
231,2023-01-10 14:00:00,19.97,107.82,card
232,2023-01-10 15:00:00,12.81,31.44,cash
233,2023-01-10 16:00:00,14.63,29.51,card
234,2023-01-10 17:00:00,12.57,8.58,card
235,2023-01-10 18:00:00,5.28,79.94,card
236,2023-01-10 19:00:00,18.2,47.38,card
237,2023-01-10 20:00:00,7.38,104.4,card
238,2023-01-10 21:00:00,1.1,59.42,cash
239,2023-01-10 22:00:00,16.31,116.34,cash
240,2023-01-10 23:00:00,4.84,26.34,cash
241,2023-01-11 00:00:00,23.54,104.89,card
242,2023-01-11 01:00:00,23.87,94.31,cash
243,2023-01-11 02:00:00,22.91,93.66,card
244,2023-01-11 03:00:00,9.57,102.15,card
245,2023-01-11 04:00:00,0.88,92.52,card
246,2023-01-11 05:00:00,23.24,77.02,card
247,2023-01-11 06:00:00,10.99,20.09,cash
248,2023-01-11 07:00:00,24.18,8.74,card
249,2023-01-11 08:00:00,24.11,110.9,card
250,2023-01-11 09:00:00,21.4,75.91,cash
251,2023-01-11 10:00:00,7.71,96.6,cash
252,2023-01-11 11:00:00,9.93,60.38,card
253,2023-01-11 12:00:00,21.35,18.49,card
254,2023-01-11 13:00:00,8.26,19.4,card
255,2023-01-11 14:00:00,4.65,83.84,card
256,2023-01-11 15:00:00,14.14,54.49,card
257,2023-01-11 16:00:00,23.44,28.06,card
258,2023-01-11 17:00:00,17.55,61.53,card
259,2023-01-11 18:00:00,14.47,12.38,cash
260,2023-01-11 19:00:00,2.88,71.93,card
261,2023-01-11 20:00:00,15.57,35.93,card
262,2023-01-11 21:00:00,24.76,96.72,card
263,2023-01-11 22:00:00,3.93,40.69,card
264,2023-01-11 23:00:00,13.2,57.35,card
265,2023-01-12 00:00:00,22.0,6.34,card
266,2023-01-12 01:00:00,18.65,13.33,card
267,2023-01-12 02:00:00,17.58,50.14,card
268,2023-01-12 03:00:00,17.71,60.19,card
269,2023-01-12 04:00:00,9.31,74.0,cash
270,2023-01-12 05:00:00,7.69,38.54,card
271,2023-01-12 06:00:00,20.33,84.92,cash
272,2023-01-12 07:00:00,20.35,103.91,cash
273,2023-01-12 08:00:00,21.74,94.68,card
274,2023-01-12 09:00:00,22.87,9.56,card
275,2023-01-12 10:00:00,13.03,60.26,card
276,2023-01-12 11:00:00,12.79,17.07,card
277,2023-01-12 12:00:00,20.06,32.84,card
278,2023-01-12 13:00:00,16.42,118.47,card
279,2023-01-12 14:00:00,17.7,21.39,card
280,2023-01-12 15:00:00,20.0,62.37,cash
281,2023-01-12 16:00:00,22.31,76.09,cash
282,2023-01-12 17:00:00,8.78,85.78,cash
283,2023-01-12 18:00:00,9.7,69.36,card
284,2023-01-12 19:00:00,2.8,6.12,cash
285,2023-01-12 20:00:00,14.67,42.54,cash
286,2023-01-12 21:00:00,1.38,64.54,cash
287,2023-01-12 22:00:00,11.91,15.1,card
288,2023-01-12 23:00:00,13.79,45.32,cash
289,2023-01-13 00:00:00,7.52,8.82,card
290,2023-01-13 01:00:00,14.98,14.04,cash
291,2023-01-13 02:00:00,1.25,50.65,card
292,2023-01-13 03:00:00,1.42,20.26,cash
293,2023-01-13 04:00:00,20.65,70.27,cash
294,2023-01-13 05:00:00,9.32,84.29,card
295,2023-01-13 06:00:00,3.61,97.07,cash
296,2023-01-13 07:00:00,13.29,28.02,cash
297,2023-01-13 08:00:00,19.36,24.26,cash
298,2023-01-13 09:00:00,5.79,17.03,cash
299,2023-01-13 10:00:00,15.76,78.19,cash
300,2023-01-13 11:00:00,2.59,86.24,cash
301,2023-01-13 12:00:00,1.77,8.63,card
302,2023-01-13 13:00:00,13.52,112.66,card
303,2023-01-13 14:00:00,13.75,10.98,card
304,2023-01-13 15:00:00,16.12,67.25,cash
305,2023-01-13 16:00:00,18.29,86.54,card
306,2023-01-13 17:00:00,24.41,105.16,cash
307,2023-01-13 18:00:00,13.15,87.12,cash
308,2023-01-13 19:00:00,8.41,97.2,card
309,2023-01-13 20:00:00,19.98,44.04,cash
310,2023-01-13 21:00:00,7.14,98.7,cash
311,2023-01-13 22:00:00,11.25,14.21,card
312,2023-01-13 23:00:00,2.42,107.9,card
313,2023-01-14 00:00:00,1.12,67.97,card
314,2023-01-14 01:00:00,24.08,98.99,card
315,2023-01-14 02:00:00,20.98,57.02,card
316,2023-01-14 03:00:00,17.55,79.01,cash
317,2023-01-14 04:00:00,10.52,65.54,cash
318,2023-01-14 05:00:00,4.75,89.13,cash
319,2023-01-14 06:00:00,4.33,14.39,card
320,2023-01-14 07:00:00,6.63,11.94,card
321,2023-01-14 08:00:00,13.96,33.42,card
322,2023-01-14 09:00:00,18.01,23.35,card
323,2023-01-14 10:00:00,16.67,105.26,card
324,2023-01-14 11:00:00,7.36,30.21,cash
325,2023-01-14 12:00:00,23.89,117.22,card
326,2023-01-14 13:00:00,18.58,43.74,card
327,2023-01-14 14:00:00,14.08,25.94,card
328,2023-01-14 15:00:00,15.49,95.82,cash
329,2023-01-14 16:00:00,10.78,80.75,card
330,2023-01-14 17:00:00,6.57,62.29,cash
331,2023-01-14 18:00:00,9.22,68.87,cash
332,2023-01-14 19:00:00,19.07,87.71,cash
333,2023-01-14 20:00:00,0.85,31.27,card
334,2023-01-14 21:00:00,3.34,119.58,card
335,2023-01-14 22:00:00,1.63,117.1,cash
336,2023-01-14 23:00:00,1.5,79.79,cash
337,2023-01-15 00:00:00,21.46,27.95,card
338,2023-01-15 01:00:00,17.74,83.23,cash
339,2023-01-15 02:00:00,12.12,13.3,cash
340,2023-01-15 03:00:00,2.9,8.53,card
341,2023-01-15 04:00:00,12.54,34.63,card
342,2023-01-15 05:00:00,12.1,58.2,cash
343,2023-01-15 06:00:00,4.74,104.85,cash
344,2023-01-15 07:00:00,11.13,88.62,cash
345,2023-01-15 08:00:00,10.26,90.41,card
346,2023-01-15 09:00:00,15.59,53.93,card
347,2023-01-15 10:00:00,16.06,44.78,card
348,2023-01-15 11:00:00,1.61,47.67,cash
349,2023-01-15 12:00:00,9.68,118.58,card
350,2023-01-15 13:00:00,15.83,9.61,cash
351,2023-01-15 14:00:00,12.83,104.71,card
352,2023-01-15 15:00:00,21.48,71.55,card
353,2023-01-15 16:00:00,16.64,55.44,card
354,2023-01-15 17:00:00,4.49,88.4,card
355,2023-01-15 18:00:00,2.23,60.97,card
356,2023-01-15 19:00:00,16.24,105.44,cash
357,2023-01-15 20:00:00,1.15,108.58,card
358,2023-01-15 21:00:00,14.85,53.5,cash
359,2023-01-15 22:00:00,23.54,36.84,card
360,2023-01-15 23:00:00,14.6,73.12,cash
361,2023-01-16 00:00:00,10.01,109.92,cash
362,2023-01-16 01:00:00,16.26,29.23,card
363,2023-01-16 02:00:00,11.73,76.64,cash
364,2023-01-16 03:00:00,13.87,77.63,card
365,2023-01-16 04:00:00,23.57,89.31,card
366,2023-01-16 05:00:00,9.96,20.13,cash
367,2023-01-16 06:00:00,24.05,87.32,cash
368,2023-01-16 07:00:00,22.68,109.54,card
369,2023-01-16 08:00:00,5.3,25.66,cash
370,2023-01-16 09:00:00,2.2,32.32,card
371,2023-01-16 10:00:00,2.97,116.71,card
372,2023-01-16 11:00:00,0.95,25.81,card
373,2023-01-16 12:00:00,2.81,103.25,card
374,2023-01-16 13:00:00,17.23,61.61,card
375,2023-01-16 14:00:00,2.24,33.43,card
376,2023-01-16 15:00:00,8.31,105.14,cash
377,2023-01-16 16:00:00,21.2,56.21,cash
378,2023-01-16 17:00:00,1.07,64.2,card
379,2023-01-16 18:00:00,20.45,46.31,card
380,2023-01-16 19:00:00,7.41,73.19,card
381,2023-01-16 20:00:00,3.4,23.81,card
382,2023-01-16 21:00:00,17.57,49.97,card
383,2023-01-16 22:00:00,15.91,116.48,card
384,2023-01-16 23:00:00,22.0,34.69,card
385,2023-01-17 00:00:00,18.51,80.52,cash
386,2023-01-17 01:00:00,20.19,42.4,card
387,2023-01-17 02:00:00,7.41,93.95,cash
388,2023-01-17 03:00:00,4.85,20.05,card
389,2023-01-17 04:00:00,18.89,116.53,card
390,2023-01-17 05:00:00,20.27,57.19,card
391,2023-01-17 06:00:00,24.77,32.15,cash
392,2023-01-17 07:00:00,10.61,13.45,cash
393,2023-01-17 08:00:00,9.61,24.52,card
394,2023-01-17 09:00:00,19.52,64.77,cash
395,2023-01-17 10:00:00,8.85,43.76,card
396,2023-01-17 11:00:00,23.3,100.32,cash
397,2023-01-17 12:00:00,21.53,54.55,cash
398,2023-01-17 13:00:00,11.01,33.6,cash
399,2023-01-17 14:00:00,18.9,75.97,card
400,2023-01-17 15:00:00,18.99,86.28,card
401,2023-01-17 16:00:00,3.03,24.21,cash
402,2023-01-17 17:00:00,22.61,24.28,cash
403,2023-01-17 18:00:00,12.88,9.22,card
404,2023-01-17 19:00:00,20.75,89.69,cash
405,2023-01-17 20:00:00,8.34,81.34,card
406,2023-01-17 21:00:00,22.44,59.58,card
407,2023-01-17 22:00:00,10.04,102.08,cash
408,2023-01-17 23:00:00,0.77,97.65,cash
409,2023-01-18 00:00:00,22.68,72.32,card
410,2023-01-18 01:00:00,2.74,104.85,card
411,2023-01-18 02:00:00,8.32,28.67,card
412,2023-01-18 03:00:00,23.78,17.87,cash
413,2023-01-18 04:00:00,23.79,36.02,card
414,2023-01-18 05:00:00,14.55,11.56,cash
415,2023-01-18 06:00:00,15.98,66.08,card
416,2023-01-18 07:00:00,11.49,112.71,card
417,2023-01-18 08:00:00,7.68,9.52,cash
418,2023-01-18 09:00:00,8.55,19.04,cash
419,2023-01-18 10:00:00,16.98,57.0,cash
420,2023-01-18 11:00:00,18.93,112.4,cash
421,2023-01-18 12:00:00,19.89,41.36,cash
422,2023-01-18 13:00:00,19.85,63.33,cash
423,2023-01-18 14:00:00,2.73,9.78,card
424,2023-01-18 15:00:00,12.61,22.06,card
425,2023-01-18 16:00:00,1.91,118.46,cash
426,2023-01-18 17:00:00,13.96,115.99,card
427,2023-01-18 18:00:00,11.32,5.57,cash
428,2023-01-18 19:00:00,22.25,114.46,card
429,2023-01-18 20:00:00,9.1,78.5,cash
430,2023-01-18 21:00:00,3.37,104.81,card
431,2023-01-18 22:00:00,4.0,57.3,card
432,2023-01-18 23:00:00,19.16,64.29,card
433,2023-01-19 00:00:00,15.65,61.22,card
434,2023-01-19 01:00:00,2.98,81.69,cash
435,2023-01-19 02:00:00,2.56,21.06,card
436,2023-01-19 03:00:00,17.67,8.45,cash
437,2023-01-19 04:00:00,2.28,40.41,cash
438,2023-01-19 05:00:00,20.64,86.04,cash
439,2023-01-19 06:00:00,17.8,28.21,card
440,2023-01-19 07:00:00,2.49,82.44,cash
441,2023-01-19 08:00:00,2.58,116.54,card
442,2023-01-19 09:00:00,24.67,15.8,card
443,2023-01-19 10:00:00,9.67,82.35,card
444,2023-01-19 11:00:00,9.58,56.03,card
445,2023-01-19 12:00:00,20.41,104.84,card
446,2023-01-19 13:00:00,23.71,25.37,cash
447,2023-01-19 14:00:00,24.66,84.65,cash
448,2023-01-19 15:00:00,18.96,101.38,cash
449,2023-01-19 16:00:00,9.72,113.63,cash
450,2023-01-19 17:00:00,2.55,83.57,cash
451,2023-01-19 18:00:00,19.54,62.18,cash
452,2023-01-19 19:00:00,14.18,76.05,card
453,2023-01-19 20:00:00,10.89,104.92,card
454,2023-01-19 21:00:00,22.71,70.62,cash
455,2023-01-19 22:00:00,3.22,8.49,card
456,2023-01-19 23:00:00,12.57,112.06,cash
457,2023-01-20 00:00:00,0.78,84.3,card
458,2023-01-20 01:00:00,11.98,82.8,card
459,2023-01-20 02:00:00,1.88,29.8,card
460,2023-01-20 03:00:00,3.41,80.77,card
461,2023-01-20 04:00:00,3.38,50.29,card
462,2023-01-20 05:00:00,16.41,79.89,card
463,2023-01-20 06:00:00,18.78,17.26,card
464,2023-01-20 07:00:00,14.79,80.65,card
465,2023-01-20 08:00:00,24.07,119.93,card
466,2023-01-20 09:00:00,9.68,10.54,cash
467,2023-01-20 10:00:00,7.5,117.38,cash
468,2023-01-20 11:00:00,21.78,51.79,cash
469,2023-01-20 12:00:00,5.98,105.14,card
470,2023-01-20 13:00:00,24.1,94.97,card
471,2023-01-20 14:00:00,0.8,70.21,cash
472,2023-01-20 15:00:00,24.26,89.92,card
473,2023-01-20 16:00:00,1.56,106.03,card
474,2023-01-20 17:00:00,22.33,51.48,card
475,2023-01-20 18:00:00,13.43,42.61,card
476,2023-01-20 19:00:00,24.83,81.77,card
477,2023-01-20 20:00:00,2.31,97.9,cash
478,2023-01-20 21:00:00,14.07,92.66,card
479,2023-01-20 22:00:00,24.25,96.75,cash
480,2023-01-20 23:00:00,13.32,55.09,card
481,2023-01-21 00:00:00,15.92,99.05,cash
482,2023-01-21 01:00:00,17.55,18.82,card
483,2023-01-21 02:00:00,11.64,67.62,card
484,2023-01-21 03:00:00,15.88,5.66,cash
485,2023-01-21 04:00:00,14.82,42.33,card
486,2023-01-21 05:00:00,22.58,47.14,card
487,2023-01-21 06:00:00,1.61,50.56,card
488,2023-01-21 07:00:00,7.38,84.98,card
489,2023-01-21 08:00:00,23.79,49.68,card
490,2023-01-21 09:00:00,22.31,56.6,cash
491,2023-01-21 10:00:00,11.66,32.32,cash
492,2023-01-21 11:00:00,15.69,47.92,cash
493,2023-01-21 12:00:00,7.3,31.14,card
494,2023-01-21 13:00:00,5.11,13.42,cash
495,2023-01-21 14:00:00,11.86,74.4,card
496,2023-01-21 15:00:00,9.16,81.84,card
497,2023-01-21 16:00:00,14.8,76.24,card
498,2023-01-21 17:00:00,2.4,58.3,card
499,2023-01-21 18:00:00,24.37,48.68,card
500,2023-01-21 19:00:00,24.66,104.28,card
501,2023-01-21 20:00:00,17.6,64.69,card
502,2023-01-21 21:00:00,13.63,60.11,card
503,2023-01-21 22:00:00,8.08,7.95,card
504,2023-01-21 23:00:00,20.44,44.24,card
505,2023-01-22 00:00:00,17.28,48.72,cash
506,2023-01-22 01:00:00,4.48,50.86,cash
507,2023-01-22 02:00:00,22.82,71.72,card
508,2023-01-22 03:00:00,20.65,66.36,card
509,2023-01-22 04:00:00,23.77,74.91,card
510,2023-01-22 05:00:00,18.28,92.96,card
511,2023-01-22 06:00:00,15.53,98.49,cash
512,2023-01-22 07:00:00,10.75,87.58,card
513,2023-01-22 08:00:00,23.35,114.89,card
514,2023-01-22 09:00:00,21.72,7.1,card
515,2023-01-22 10:00:00,1.61,27.51,card
516,2023-01-22 11:00:00,1.15,5.87,card
517,2023-01-22 12:00:00,9.72,79.46,cash
518,2023-01-22 13:00:00,20.36,108.27,card
519,2023-01-22 14:00:00,24.69,33.0,card
520,2023-01-22 15:00:00,4.19,111.61,card
521,2023-01-22 16:00:00,15.06,11.93,card
522,2023-01-22 17:00:00,9.83,112.46,cash
523,2023-01-22 18:00:00,24.26,45.44,cash
524,2023-01-22 19:00:00,21.13,16.66,cash
525,2023-01-22 20:00:00,21.04,60.88,card
526,2023-01-22 21:00:00,11.98,34.53,cash
527,2023-01-22 22:00:00,10.66,37.76,cash
528,2023-01-22 23:00:00,7.2,40.34,card
529,2023-01-23 00:00:00,1.88,97.35,cash
530,2023-01-23 01:00:00,21.69,67.0,card
531,2023-01-23 02:00:00,20.42,40.8,card
532,2023-01-23 03:00:00,24.99,75.19,card
533,2023-01-23 04:00:00,24.92,87.36,cash
534,2023-01-23 05:00:00,14.11,36.35,cash
535,2023-01-23 06:00:00,19.34,52.56,card
536,2023-01-23 07:00:00,23.65,19.02,card
537,2023-01-23 08:00:00,21.32,25.83,card
538,2023-01-23 09:00:00,6.56,83.33,cash
539,2023-01-23 10:00:00,11.54,25.87,card
540,2023-01-23 11:00:00,3.66,65.39,card
541,2023-01-23 12:00:00,23.87,86.54,card
542,2023-01-23 13:00:00,15.35,17.29,card
543,2023-01-23 14:00:00,6.1,70.24,card
544,2023-01-23 15:00:00,16.96,34.5,card
545,2023-01-23 16:00:00,15.64,115.74,cash
546,2023-01-23 17:00:00,9.27,60.61,card
547,2023-01-23 18:00:00,3.28,97.69,cash
548,2023-01-23 19:00:00,16.95,68.28,card
549,2023-01-23 20:00:00,13.25,9.99,card
550,2023-01-23 21:00:00,19.42,77.81,cash
551,2023-01-23 22:00:00,13.24,114.41,cash
552,2023-01-23 23:00:00,21.38,74.19,cash
553,2023-01-24 00:00:00,14.02,99.21,card
554,2023-01-24 01:00:00,14.24,106.68,card
555,2023-01-24 02:00:00,21.98,31.23,cash
556,2023-01-24 03:00:00,10.39,29.39,card
557,2023-01-24 04:00:00,3.78,75.26,card
558,2023-01-24 05:00:00,1.21,52.27,cash
559,2023-01-24 06:00:00,19.0,101.58,cash
560,2023-01-24 07:00:00,15.7,108.5,card
561,2023-01-24 08:00:00,17.75,45.64,card
562,2023-01-24 09:00:00,5.72,32.24,card
563,2023-01-24 10:00:00,3.84,94.76,cash
564,2023-01-24 11:00:00,0.86,36.6,cash
565,2023-01-24 12:00:00,9.09,99.6,card
566,2023-01-24 13:00:00,14.95,53.73,cash
567,2023-01-24 14:00:00,10.11,81.77,cash
568,2023-01-24 15:00:00,11.22,15.99,cash
569,2023-01-24 16:00:00,22.65,76.74,card
570,2023-01-24 17:00:00,9.03,56.95,card
571,2023-01-24 18:00:00,13.09,72.46,card
572,2023-01-24 19:00:00,19.7,24.32,card
573,2023-01-24 20:00:00,10.22,89.74,cash
574,2023-01-24 21:00:00,15.74,104.22,card
575,2023-01-24 22:00:00,21.63,29.93,cash
576,2023-01-24 23:00:00,23.76,16.01,card
577,2023-01-25 00:00:00,4.1,7.72,card
578,2023-01-25 01:00:00,23.2,78.83,card
579,2023-01-25 02:00:00,12.56,74.82,cash
580,2023-01-25 03:00:00,6.83,67.87,card
581,2023-01-25 04:00:00,11.75,31.67,cash
582,2023-01-25 05:00:00,24.51,49.95,card
583,2023-01-25 06:00:00,12.57,73.36,card
584,2023-01-25 07:00:00,8.55,62.13,card
585,2023-01-25 08:00:00,16.02,118.6,card
586,2023-01-25 09:00:00,6.38,20.69,card
587,2023-01-25 10:00:00,2.36,84.94,cash
588,2023-01-25 11:00:00,3.66,51.5,card
589,2023-01-25 12:00:00,3.64,54.24,cash
590,2023-01-25 13:00:00,4.22,87.52,card
591,2023-01-25 14:00:00,3.9,84.63,card
592,2023-01-25 15:00:00,16.2,118.99,card
593,2023-01-25 16:00:00,4.96,19.77,card
594,2023-01-25 17:00:00,8.97,16.97,card
595,2023-01-25 18:00:00,22.47,88.3,cash
596,2023-01-25 19:00:00,12.11,71.51,card
597,2023-01-25 20:00:00,16.86,36.53,cash
598,2023-01-25 21:00:00,4.72,14.13,card
599,2023-01-25 22:00:00,5.21,14.85,cash
600,2023-01-25 23:00:00,1.5,107.83,cash
601,2023-01-26 00:00:00,4.64,27.06,card
602,2023-01-26 01:00:00,7.33,42.19,cash
603,2023-01-26 02:00:00,4.84,31.07,card
604,2023-01-26 03:00:00,2.67,45.82,cash
605,2023-01-26 04:00:00,3.46,12.98,cash
606,2023-01-26 05:00:00,11.79,64.69,card
607,2023-01-26 06:00:00,5.56,12.78,cash
608,2023-01-26 07:00:00,9.42,97.04,cash
609,2023-01-26 08:00:00,12.83,31.88,card
610,2023-01-26 09:00:00,17.41,67.1,cash
611,2023-01-26 10:00:00,1.46,106.21,card
612,2023-01-26 11:00:00,20.09,79.85,cash
613,2023-01-26 12:00:00,15.88,66.29,cash
614,2023-01-26 13:00:00,2.5,42.3,card
615,2023-01-26 14:00:00,21.9,43.3,cash
616,2023-01-26 15:00:00,23.06,81.99,cash
617,2023-01-26 16:00:00,2.0,119.33,cash
618,2023-01-26 17:00:00,7.28,81.11,cash
619,2023-01-26 18:00:00,20.25,69.15,card
620,2023-01-26 19:00:00,18.83,89.02,cash
621,2023-01-26 20:00:00,5.02,58.5,card
622,2023-01-26 21:00:00,5.63,11.92,card
623,2023-01-26 22:00:00,9.58,69.66,card
624,2023-01-26 23:00:00,12.37,115.13,card
625,2023-01-27 00:00:00,15.65,25.16,cash
626,2023-01-27 01:00:00,9.54,84.35,card
627,2023-01-27 02:00:00,11.83,28.11,cash
628,2023-01-27 03:00:00,18.81,66.62,card
629,2023-01-27 04:00:00,1.4,16.12,card
630,2023-01-27 05:00:00,6.68,56.79,cash
631,2023-01-27 06:00:00,17.98,91.96,card
632,2023-01-27 07:00:00,22.43,44.97,card
633,2023-01-27 08:00:00,13.04,81.46,cash
634,2023-01-27 09:00:00,13.54,96.48,cash
635,2023-01-27 10:00:00,3.13,111.63,card
636,2023-01-27 11:00:00,11.46,31.98,card
637,2023-01-27 12:00:00,13.55,50.92,card
638,2023-01-27 13:00:00,6.44,22.53,card
639,2023-01-27 14:00:00,7.1,119.14,card
640,2023-01-27 15:00:00,9.74,111.61,card
641,2023-01-27 16:00:00,0.99,67.1,cash
642,2023-01-27 17:00:00,8.39,101.83,cash
643,2023-01-27 18:00:00,5.68,64.91,card
644,2023-01-27 19:00:00,8.52,76.71,card
645,2023-01-27 20:00:00,3.43,15.25,cash
646,2023-01-27 21:00:00,22.32,91.86,cash
647,2023-01-27 22:00:00,15.04,19.69,card
648,2023-01-27 23:00:00,17.14,100.0,card
649,2023-01-28 00:00:00,19.83,94.93,card
650,2023-01-28 01:00:00,12.71,86.51,card
651,2023-01-28 02:00:00,2.63,9.16,cash
652,2023-01-28 03:00:00,13.66,39.86,cash
653,2023-01-28 04:00:00,14.88,35.26,cash
654,2023-01-28 05:00:00,18.76,46.42,cash
655,2023-01-28 06:00:00,11.08,15.08,card
656,2023-01-28 07:00:00,3.63,112.75,card
657,2023-01-28 08:00:00,7.45,68.69,card
658,2023-01-28 09:00:00,9.4,40.14,card
659,2023-01-28 10:00:00,16.32,50.65,cash
660,2023-01-28 11:00:00,14.48,56.43,card
661,2023-01-28 12:00:00,9.22,74.07,card
662,2023-01-28 13:00:00,24.67,64.3,card
663,2023-01-28 14:00:00,15.34,110.73,cash
664,2023-01-28 15:00:00,6.31,62.15,card
665,2023-01-28 16:00:00,2.99,119.1,card
666,2023-01-28 17:00:00,4.25,102.91,cash
667,2023-01-28 18:00:00,6.53,28.98,cash
668,2023-01-28 19:00:00,4.44,112.02,card
669,2023-01-28 20:00:00,5.07,18.38,card
670,2023-01-28 21:00:00,7.48,99.01,cash
671,2023-01-28 22:00:00,4.75,48.77,card
672,2023-01-28 23:00:00,22.47,105.97,cash
673,2023-01-29 00:00:00,2.47,104.83,card
674,2023-01-29 01:00:00,13.35,97.68,cash
675,2023-01-29 02:00:00,10.55,95.85,card
676,2023-01-29 03:00:00,24.57,40.04,cash
677,2023-01-29 04:00:00,3.24,14.31,cash
678,2023-01-29 05:00:00,10.25,51.34,cash
679,2023-01-29 06:00:00,24.25,24.96,cash
680,2023-01-29 07:00:00,21.7,84.92,card
681,2023-01-29 08:00:00,20.52,44.8,cash
682,2023-01-29 09:00:00,6.82,117.2,card
683,2023-01-29 10:00:00,4.69,78.71,cash
684,2023-01-29 11:00:00,16.88,99.59,cash
685,2023-01-29 12:00:00,23.27,20.24,cash
686,2023-01-29 13:00:00,14.14,104.13,cash
687,2023-01-29 14:00:00,14.5,111.12,cash
688,2023-01-29 15:00:00,7.36,61.01,card
689,2023-01-29 16:00:00,19.35,74.72,card
690,2023-01-29 17:00:00,5.08,92.95,card
691,2023-01-29 18:00:00,8.43,25.11,card
692,2023-01-29 19:00:00,10.92,62.8,card
693,2023-01-29 20:00:00,12.94,50.85,cash
694,2023-01-29 21:00:00,6.44,21.83,card
695,2023-01-29 22:00:00,3.31,47.27,card
696,2023-01-29 23:00:00,15.46,12.84,card
697,2023-01-30 00:00:00,7.57,7.97,card
698,2023-01-30 01:00:00,14.74,20.54,cash
699,2023-01-30 02:00:00,4.28,115.76,card
700,2023-01-30 03:00:00,12.29,68.2,card
701,2023-01-30 04:00:00,13.55,116.07,card
702,2023-01-30 05:00:00,1.77,54.74,card
703,2023-01-30 06:00:00,8.75,40.86,cash
704,2023-01-30 07:00:00,3.79,63.21,cash
705,2023-01-30 08:00:00,2.05,55.54,card
706,2023-01-30 09:00:00,24.75,17.15,card
707,2023-01-30 10:00:00,8.4,78.7,cash
708,2023-01-30 11:00:00,20.34,29.84,cash
709,2023-01-30 12:00:00,6.74,76.25,cash
710,2023-01-30 13:00:00,17.2,79.77,cash
711,2023-01-30 14:00:00,19.13,22.48,card
712,2023-01-30 15:00:00,15.09,12.06,card
713,2023-01-30 16:00:00,12.05,94.79,cash
714,2023-01-30 17:00:00,10.59,57.88,cash
715,2023-01-30 18:00:00,9.05,11.69,cash
716,2023-01-30 19:00:00,23.27,119.41,cash
717,2023-01-30 20:00:00,20.85,11.64,card
718,2023-01-30 21:00:00,24.14,84.93,card
719,2023-01-30 22:00:00,3.55,118.12,card
720,2023-01-30 23:00:00,18.41,32.51,cash
721,2023-01-31 00:00:00,23.49,21.36,card
722,2023-01-31 01:00:00,4.94,18.96,card
723,2023-01-31 02:00:00,2.13,39.88,card
724,2023-01-31 03:00:00,18.66,16.62,card
725,2023-01-31 04:00:00,14.57,84.6,cash
726,2023-01-31 05:00:00,21.12,12.16,cash
727,2023-01-31 06:00:00,3.92,63.58,cash
728,2023-01-31 07:00:00,19.98,119.62,cash
729,2023-01-31 08:00:00,5.44,98.61,cash
730,2023-01-31 09:00:00,4.51,75.75,card
731,2023-01-31 10:00:00,4.52,40.22,card
732,2023-01-31 11:00:00,20.46,76.75,card
733,2023-01-31 12:00:00,16.8,65.61,cash
734,2023-01-31 13:00:00,13.32,54.0,card
735,2023-01-31 14:00:00,9.29,20.03,card
736,2023-01-31 15:00:00,21.99,106.96,card
737,2023-01-31 16:00:00,10.11,56.73,card
738,2023-01-31 17:00:00,20.51,27.38,card
739,2023-01-31 18:00:00,11.26,47.29,card
740,2023-01-31 19:00:00,9.74,52.62,cash
741,2023-01-31 20:00:00,11.84,100.17,cash
742,2023-01-31 21:00:00,7.88,89.37,cash
743,2023-01-31 22:00:00,18.82,93.47,cash
744,2023-01-31 23:00:00,12.82,6.27,cash
745,2023-02-01 00:00:00,6.19,52.86,card
746,2023-02-01 01:00:00,22.54,60.35,card
747,2023-02-01 02:00:00,9.91,7.21,card
748,2023-02-01 03:00:00,13.82,34.88,cash
749,2023-02-01 04:00:00,22.71,92.43,card
750,2023-02-01 05:00:00,15.79,20.77,card
751,2023-02-01 06:00:00,3.36,66.56,cash
752,2023-02-01 07:00:00,23.53,29.75,card
753,2023-02-01 08:00:00,15.88,6.39,cash
754,2023-02-01 09:00:00,8.71,32.74,cash
755,2023-02-01 10:00:00,3.91,117.23,card
756,2023-02-01 11:00:00,19.95,97.18,cash
757,2023-02-01 12:00:00,15.69,115.35,card
758,2023-02-01 13:00:00,13.57,61.1,card
759,2023-02-01 14:00:00,22.4,17.62,card
760,2023-02-01 15:00:00,19.82,68.02,cash
761,2023-02-01 16:00:00,4.22,57.25,cash
762,2023-02-01 17:00:00,8.14,102.1,cash
763,2023-02-01 18:00:00,6.59,16.28,card
764,2023-02-01 19:00:00,18.73,61.15,card
765,2023-02-01 20:00:00,1.32,22.26,cash
766,2023-02-01 21:00:00,14.46,42.34,card
767,2023-02-01 22:00:00,19.18,89.8,card
768,2023-02-01 23:00:00,21.98,59.74,cash
769,2023-02-02 00:00:00,8.88,48.23,card
770,2023-02-02 01:00:00,20.62,50.36,card
771,2023-02-02 02:00:00,3.21,57.84,cash
772,2023-02-02 03:00:00,21.24,95.28,cash
773,2023-02-02 04:00:00,3.62,107.59,card
774,2023-02-02 05:00:00,10.23,114.86,card
775,2023-02-02 06:00:00,20.03,95.49,card
776,2023-02-02 07:00:00,4.17,41.27,card
777,2023-02-02 08:00:00,6.12,84.14,cash
778,2023-02-02 09:00:00,18.2,55.32,cash
779,2023-02-02 10:00:00,18.14,34.29,card
780,2023-02-02 11:00:00,16.21,101.7,cash
781,2023-02-02 12:00:00,17.5,9.42,cash
782,2023-02-02 13:00:00,13.8,108.7,card
783,2023-02-02 14:00:00,6.67,58.07,card
784,2023-02-02 15:00:00,8.97,78.28,card
785,2023-02-02 16:00:00,4.95,80.83,card
786,2023-02-02 17:00:00,22.76,107.94,cash
787,2023-02-02 18:00:00,14.79,78.22,card
788,2023-02-02 19:00:00,10.32,75.6,cash
789,2023-02-02 20:00:00,11.82,12.66,card
790,2023-02-02 21:00:00,23.71,64.62,card
791,2023-02-02 22:00:00,4.26,22.27,card
792,2023-02-02 23:00:00,14.86,89.8,card
793,2023-02-03 00:00:00,12.89,63.91,card
794,2023-02-03 01:00:00,15.48,83.23,cash
795,2023-02-03 02:00:00,0.94,9.79,card
796,2023-02-03 03:00:00,21.87,14.75,card
797,2023-02-03 04:00:00,23.34,87.38,cash
798,2023-02-03 05:00:00,14.35,13.29,card
799,2023-02-03 06:00:00,17.57,13.19,card
800,2023-02-03 07:00:00,23.1,6.39,cash
801,2023-02-03 08:00:00,17.83,115.0,card
802,2023-02-03 09:00:00,4.24,89.81,card
803,2023-02-03 10:00:00,14.62,45.62,card
804,2023-02-03 11:00:00,15.36,39.1,card
805,2023-02-03 12:00:00,10.89,45.22,card
806,2023-02-03 13:00:00,18.54,94.09,card
807,2023-02-03 14:00:00,23.39,81.06,card
808,2023-02-03 15:00:00,23.18,26.3,cash
809,2023-02-03 16:00:00,11.55,25.02,card
810,2023-02-03 17:00:00,3.27,16.32,card
811,2023-02-03 18:00:00,24.63,80.93,cash
812,2023-02-03 19:00:00,21.05,92.9,card
813,2023-02-03 20:00:00,3.55,35.48,card
814,2023-02-03 21:00:00,23.06,7.41,cash
815,2023-02-03 22:00:00,21.81,14.45,card
816,2023-02-03 23:00:00,13.21,116.3,card
817,2023-02-04 00:00:00,14.99,38.98,card
818,2023-02-04 01:00:00,10.28,93.46,cash
819,2023-02-04 02:00:00,1.84,76.84,cash
820,2023-02-04 03:00:00,8.71,48.92,cash
821,2023-02-04 04:00:00,20.17,28.65,card
822,2023-02-04 05:00:00,0.61,18.96,cash
823,2023-02-04 06:00:00,8.67,75.73,card
824,2023-02-04 07:00:00,10.26,94.08,cash
825,2023-02-04 08:00:00,13.67,79.05,cash
826,2023-02-04 09:00:00,23.04,65.98,card
827,2023-02-04 10:00:00,8.99,9.82,card
828,2023-02-04 11:00:00,9.0,116.38,cash
829,2023-02-04 12:00:00,18.57,96.85,card
830,2023-02-04 13:00:00,11.58,38.67,cash
831,2023-02-04 14:00:00,6.0,117.7,card
832,2023-02-04 15:00:00,11.58,74.22,card
833,2023-02-04 16:00:00,3.95,71.98,cash
834,2023-02-04 17:00:00,4.82,91.03,cash
835,2023-02-04 18:00:00,12.71,98.35,cash
836,2023-02-04 19:00:00,10.76,80.5,card
837,2023-02-04 20:00:00,22.91,19.73,card
838,2023-02-04 21:00:00,9.38,43.9,cash
839,2023-02-04 22:00:00,14.72,111.73,card
840,2023-02-04 23:00:00,15.99,30.83,cash
841,2023-02-05 00:00:00,0.82,47.8,cash
842,2023-02-05 01:00:00,16.76,54.69,card
843,2023-02-05 02:00:00,4.86,55.53,card
844,2023-02-05 03:00:00,24.05,75.49,card
845,2023-02-05 04:00:00,4.14,113.45,card
846,2023-02-05 05:00:00,10.66,32.68,cash
847,2023-02-05 06:00:00,2.59,18.97,card
848,2023-02-05 07:00:00,24.92,27.71,cash
849,2023-02-05 08:00:00,12.8,107.0,card
850,2023-02-05 09:00:00,15.09,79.27,cash
851,2023-02-05 10:00:00,2.14,37.88,card
852,2023-02-05 11:00:00,18.87,98.83,cash
853,2023-02-05 12:00:00,5.64,104.06,cash
854,2023-02-05 13:00:00,22.5,102.35,card
855,2023-02-05 14:00:00,5.53,110.68,cash
856,2023-02-05 15:00:00,5.17,34.01,card
857,2023-02-05 16:00:00,1.4,91.83,cash
858,2023-02-05 17:00:00,12.07,57.96,cash
859,2023-02-05 18:00:00,14.34,101.83,cash
860,2023-02-05 19:00:00,2.11,88.78,cash
861,2023-02-05 20:00:00,19.5,94.29,card
862,2023-02-05 21:00:00,11.61,80.46,cash
863,2023-02-05 22:00:00,13.35,25.4,card
864,2023-02-05 23:00:00,11.3,67.68,card
865,2023-02-06 00:00:00,10.32,118.24,card
866,2023-02-06 01:00:00,14.21,112.8,card
867,2023-02-06 02:00:00,4.3,9.96,card
868,2023-02-06 03:00:00,4.96,23.95,card
869,2023-02-06 04:00:00,21.61,20.15,cash
870,2023-02-06 05:00:00,23.68,88.49,cash
871,2023-02-06 06:00:00,9.65,99.05,card
872,2023-02-06 07:00:00,7.13,29.55,card
873,2023-02-06 08:00:00,16.28,63.17,card
874,2023-02-06 09:00:00,10.51,101.68,card
875,2023-02-06 10:00:00,1.12,89.27,card
876,2023-02-06 11:00:00,4.33,67.36,card
877,2023-02-06 12:00:00,18.04,72.89,card
878,2023-02-06 13:00:00,16.64,63.46,cash
879,2023-02-06 14:00:00,1.16,39.22,card
880,2023-02-06 15:00:00,5.94,69.98,cash
881,2023-02-06 16:00:00,6.16,84.22,cash
882,2023-02-06 17:00:00,16.96,105.43,card
883,2023-02-06 18:00:00,0.98,78.17,cash
884,2023-02-06 19:00:00,3.05,92.53,cash
885,2023-02-06 20:00:00,20.1,23.41,cash
886,2023-02-06 21:00:00,4.87,58.08,card
887,2023-02-06 22:00:00,16.49,6.07,card
888,2023-02-06 23:00:00,6.34,33.37,card
889,2023-02-07 00:00:00,2.94,88.54,card
890,2023-02-07 01:00:00,6.46,119.06,card
891,2023-02-07 02:00:00,18.2,16.41,cash
892,2023-02-07 03:00:00,21.46,51.17,card
893,2023-02-07 04:00:00,20.84,97.01,card
894,2023-02-07 05:00:00,10.23,28.46,card
895,2023-02-07 06:00:00,16.87,68.83,cash
896,2023-02-07 07:00:00,5.52,89.3,card
897,2023-02-07 08:00:00,7.68,75.84,card
898,2023-02-07 09:00:00,22.46,26.62,cash
899,2023-02-07 10:00:00,0.82,45.87,card
900,2023-02-07 11:00:00,2.59,95.14,cash
901,2023-02-07 12:00:00,5.59,68.74,cash
902,2023-02-07 13:00:00,1.15,5.6,card
903,2023-02-07 14:00:00,4.95,92.51,cash
904,2023-02-07 15:00:00,14.78,9.06,card
905,2023-02-07 16:00:00,10.82,90.76,card
906,2023-02-07 17:00:00,22.37,28.29,cash
907,2023-02-07 18:00:00,20.53,115.18,card
908,2023-02-07 19:00:00,8.87,47.31,cash
909,2023-02-07 20:00:00,6.86,42.6,cash
910,2023-02-07 21:00:00,9.8,22.12,cash
911,2023-02-07 22:00:00,14.96,40.14,cash
912,2023-02-07 23:00:00,7.07,105.81,cash
913,2023-02-08 00:00:00,15.79,119.58,card
914,2023-02-08 01:00:00,10.53,47.36,card
915,2023-02-08 02:00:00,14.03,56.59,cash
916,2023-02-08 03:00:00,11.19,88.04,card
917,2023-02-08 04:00:00,7.71,106.91,card
918,2023-02-08 05:00:00,23.74,73.2,card
919,2023-02-08 06:00:00,19.21,50.03,card
920,2023-02-08 07:00:00,3.93,52.45,cash
921,2023-02-08 08:00:00,21.78,85.0,cash
922,2023-02-08 09:00:00,12.44,5.37,card
923,2023-02-08 10:00:00,22.42,76.25,card
924,2023-02-08 11:00:00,20.1,45.88,cash
925,2023-02-08 12:00:00,10.92,96.33,cash
926,2023-02-08 13:00:00,1.05,15.69,card
927,2023-02-08 14:00:00,7.08,72.64,card
928,2023-02-08 15:00:00,13.77,60.31,card
929,2023-02-08 16:00:00,16.02,78.87,card
930,2023-02-08 17:00:00,6.82,12.46,cash
931,2023-02-08 18:00:00,3.91,71.7,card
932,2023-02-08 19:00:00,20.96,69.57,card
933,2023-02-08 20:00:00,24.62,69.48,cash
934,2023-02-08 21:00:00,13.38,74.4,card
935,2023-02-08 22:00:00,4.71,82.79,card
936,2023-02-08 23:00:00,7.17,97.57,cash
937,2023-02-09 00:00:00,0.95,36.03,card
938,2023-02-09 01:00:00,22.9,99.88,card
939,2023-02-09 02:00:00,3.38,62.3,card
940,2023-02-09 03:00:00,14.62,13.86,cash
941,2023-02-09 04:00:00,7.21,11.73,cash
942,2023-02-09 05:00:00,14.08,43.44,card
943,2023-02-09 06:00:00,16.46,95.26,cash
944,2023-02-09 07:00:00,20.83,86.38,card
945,2023-02-09 08:00:00,5.56,95.69,card
946,2023-02-09 09:00:00,0.77,64.49,cash
947,2023-02-09 10:00:00,3.85,55.62,card
948,2023-02-09 11:00:00,22.55,21.96,card
949,2023-02-09 12:00:00,21.91,42.74,cash
950,2023-02-09 13:00:00,15.14,54.91,card
951,2023-02-09 14:00:00,15.21,15.19,card
952,2023-02-09 15:00:00,16.79,30.37,card
953,2023-02-09 16:00:00,4.8,73.8,card
954,2023-02-09 17:00:00,22.9,89.6,card
955,2023-02-09 18:00:00,10.76,119.81,card
956,2023-02-09 19:00:00,9.89,112.31,card
957,2023-02-09 20:00:00,13.21,78.89,card
958,2023-02-09 21:00:00,1.65,53.44,card
959,2023-02-09 22:00:00,4.57,78.16,cash
960,2023-02-09 23:00:00,18.58,95.35,card
961,2023-02-10 00:00:00,2.53,18.61,cash
962,2023-02-10 01:00:00,15.28,52.14,cash
963,2023-02-10 02:00:00,6.51,101.58,cash
964,2023-02-10 03:00:00,10.04,49.14,card
965,2023-02-10 04:00:00,7.57,70.77,card
966,2023-02-10 05:00:00,9.21,72.59,card
967,2023-02-10 06:00:00,18.12,26.21,card
968,2023-02-10 07:00:00,7.78,46.66,card
969,2023-02-10 08:00:00,14.38,43.47,card
970,2023-02-10 09:00:00,12.16,8.01,card
971,2023-02-10 10:00:00,16.76,7.78,cash
972,2023-02-10 11:00:00,23.45,100.65,cash
973,2023-02-10 12:00:00,18.45,36.4,card
974,2023-02-10 13:00:00,5.77,64.58,card
975,2023-02-10 14:00:00,1.26,39.35,cash
976,2023-02-10 15:00:00,6.93,113.18,cash
977,2023-02-10 16:00:00,15.08,34.82,card
978,2023-02-10 17:00:00,1.76,54.41,cash
979,2023-02-10 18:00:00,12.66,105.36,card
980,2023-02-10 19:00:00,15.12,101.82,card
981,2023-02-10 20:00:00,8.69,26.4,card
982,2023-02-10 21:00:00,19.39,97.3,cash
983,2023-02-10 22:00:00,3.11,57.69,card
984,2023-02-10 23:00:00,2.34,60.54,card
985,2023-02-11 00:00:00,18.34,20.35,card
986,2023-02-11 01:00:00,12.64,14.27,card
987,2023-02-11 02:00:00,17.37,88.71,cash
988,2023-02-11 03:00:00,11.15,62.09,card
989,2023-02-11 04:00:00,6.54,55.24,card
990,2023-02-11 05:00:00,20.57,88.89,card
991,2023-02-11 06:00:00,20.09,93.03,cash
992,2023-02-11 07:00:00,17.52,23.27,card
993,2023-02-11 08:00:00,7.17,75.18,card
994,2023-02-11 09:00:00,14.96,20.57,cash
995,2023-02-11 10:00:00,9.34,91.41,cash
996,2023-02-11 11:00:00,2.74,80.55,card
997,2023-02-11 12:00:00,22.97,115.01,cash
998,2023-02-11 13:00:00,3.85,12.93,cash
999,2023-02-11 14:00:00,23.78,11.56,cash
1000,2023-02-11 15:00:00,11.43,37.45,card
